{"cameraMode":{"drawMode":0,"name":"Shaded","section":"Shading Mode"},"sceneLighting":false,"audioPlay":false,"sceneViewState":{"showFog":true,"showMaterialUpdate":false,"showSkybox":false,"showFlares":true,"showImageEffects":true,"showParticleSystems":true,"showVisualEffectGraphs":true,"m_FxEnabled":true},"in2DMode":false,"pivot":{"x":-0.46098384261131289,"y":0.33282288908958437,"z":0.32767000794410708},"rotation":{"x":0.04288417473435402,"y":-0.9568203687667847,"z":0.19078142940998078,"w":0.21507549285888673},"size":2.021162986755371,"orthographic":false}