{"cameraMode":{"drawMode":0,"name":"Shaded","section":"Shading Mode"},"sceneLighting":true,"audioPlay":false,"sceneViewState":{"showFog":true,"showMaterialUpdate":false,"showSkybox":true,"showFlares":true,"showImageEffects":true,"showParticleSystems":true},"in2DMode":false,"pivot":{"x":675.2130737304688,"y":651.8014526367188,"z":-460.1356201171875},"rotation":{"x":-0.01920272409915924,"y":-0.016384828835725786,"z":-0.02559083327651024,"w":-0.9993537664413452},"size":1216.9525146484375,"orthographic":false}