{"cameraMode":{"drawMode":0,"name":"Shaded","section":"Shading Mode"},"sceneLighting":false,"audioPlay":false,"sceneViewState":{"showFog":true,"showMaterialUpdate":false,"showSkybox":false,"showFlares":true,"showImageEffects":true,"showParticleSystems":true},"in2DMode":false,"pivot":{"x":26.299999237060548,"y":30.0,"z":-36.20000076293945},"rotation":{"x":0.3102913200855255,"y":0.3504648804664612,"z":-0.12429190427064896,"w":0.8749212026596069},"size":1.4097099304199219,"orthographic":false}