{"cameraMode":{"drawMode":0,"name":"Shaded","section":"Shading Mode"},"sceneLighting":false,"audioPlay":false,"sceneViewState":{"showFog":true,"showMaterialUpdate":false,"showSkybox":true,"showFlares":true,"showImageEffects":true,"showParticleSystems":true},"in2DMode":false,"pivot":{"x":398.5524597167969,"y":-1502.8231201171875,"z":-1411.178955078125},"rotation":{"x":0.07329168915748596,"y":0.9122110605239868,"z":-0.3782983124256134,"w":0.1392533928155899},"size":1078.442138671875,"orthographic":false}