{"cameraMode":{"drawMode":0,"name":"Shaded","section":"Shading Mode"},"sceneLighting":true,"audioPlay":false,"sceneViewState":{"showFog":true,"showMaterialUpdate":false,"showSkybox":true,"showFlares":true,"showImageEffects":true,"showParticleSystems":true},"in2DMode":false,"pivot":{"x":-208.46681213378907,"y":385.6636047363281,"z":-92.53673553466797},"rotation":{"x":0.13947923481464387,"y":0.8548266887664795,"z":-0.2713504433631897,"w":0.4198029637336731},"size":1.071555495262146,"orthographic":false}