{"cameraMode":{"drawMode":0,"name":"Shaded","section":"Shading Mode"},"sceneLighting":false,"audioPlay":false,"sceneViewState":{"showFog":true,"showMaterialUpdate":false,"showSkybox":false,"showFlares":true,"showImageEffects":true,"showParticleSystems":true},"in2DMode":false,"pivot":{"x":-5.342063903808594,"y":4.124689102172852,"z":-7.385799407958984},"rotation":{"x":-0.23377303779125215,"y":-0.28666213154792788,"z":0.0666397213935852,"w":-0.92668616771698},"size":-1.7999827861785889,"orthographic":false}