{"cameraMode":{"drawMode":0,"name":"Shaded","section":"Shading Mode"},"sceneLighting":false,"audioPlay":false,"sceneViewState":{"showFog":true,"showMaterialUpdate":false,"showSkybox":false,"showFlares":true,"showImageEffects":true,"showParticleSystems":true},"in2DMode":false,"pivot":{"x":51.099998474121097,"y":30.0,"z":-30.639999389648439},"rotation":{"x":0.15460525453090669,"y":-0.4669252038002014,"z":0.08943083137273789,"w":0.8660920858383179},"size":1.9684910774230958,"orthographic":false}