{"cameraMode":{"drawMode":0,"name":"Shaded","section":"Shading Mode"},"sceneLighting":false,"audioPlay":false,"sceneViewState":{"showFog":true,"showMaterialUpdate":false,"showSkybox":false,"showFlares":true,"showImageEffects":true,"showParticleSystems":true},"in2DMode":false,"pivot":{"x":3.1344048976898195,"y":31.226394653320314,"z":-73.30215454101563},"rotation":{"x":-0.10997829586267472,"y":-0.8849555253982544,"z":0.3836343586444855,"w":-0.23999187350273133},"size":0.8839917182922363,"orthographic":false}