{"cameraMode":{"drawMode":0,"name":"Shaded","section":"Shading Mode"},"sceneLighting":false,"audioPlay":false,"sceneViewState":{"showFog":true,"showMaterialUpdate":false,"showSkybox":false,"showFlares":true,"showImageEffects":true,"showParticleSystems":true},"in2DMode":false,"pivot":{"x":392.8135681152344,"y":-114.0407943725586,"z":-1842.36474609375},"rotation":{"x":-0.0027717396151274444,"y":-0.9883137941360474,"z":0.15214025974273683,"w":-0.00932303536683321},"size":1101.45361328125,"orthographic":false}