{"cameraMode":{"drawMode":0,"name":"Shaded","section":"Shading Mode"},"sceneLighting":false,"audioPlay":false,"sceneViewState":{"showFog":true,"showMaterialUpdate":false,"showSkybox":true,"showFlares":true,"showImageEffects":true,"showParticleSystems":true},"in2DMode":false,"pivot":{"x":108.92806243896485,"y":-1517.0771484375,"z":-913.0797729492188},"rotation":{"x":-0.030804980546236039,"y":-0.8688154816627502,"z":0.4912707209587097,"w":-0.053730957210063937},"size":924.1696166992188,"orthographic":false}