{"cameraMode":{"drawMode":0,"name":"Shaded","section":"Shading Mode"},"sceneLighting":false,"audioPlay":false,"sceneViewState":{"showFog":true,"showMaterialUpdate":false,"showSkybox":false,"showFlares":true,"showImageEffects":true,"showParticleSystems":true},"in2DMode":false,"pivot":{"x":493.7325439453125,"y":1144.4454345703125,"z":-55.488525390625},"rotation":{"x":-0.00500648794695735,"y":-0.9928593635559082,"z":0.11489663273096085,"w":-0.031765930354595187},"size":1101.45361328125,"orthographic":false}