{"cameraMode":{"drawMode":0,"name":"Shaded","section":"Shading Mode"},"sceneLighting":false,"audioPlay":false,"sceneViewState":{"showFog":true,"showMaterialUpdate":false,"showSkybox":false,"showFlares":true,"showImageEffects":true,"showParticleSystems":true},"in2DMode":false,"pivot":{"x":309.6826477050781,"y":561.4612426757813,"z":1017.8534545898438},"rotation":{"x":-0.008278176188468933,"y":-0.9864744544029236,"z":0.15787574648857118,"w":-0.0433587022125721},"size":10.0,"orthographic":false}