{"cameraMode":{"drawMode":0,"name":"Shaded","section":"Shading Mode"},"sceneLighting":false,"audioPlay":false,"sceneViewState":{"showFog":true,"showMaterialUpdate":true,"showSkybox":false,"showFlares":true,"showImageEffects":true,"showParticleSystems":true},"in2DMode":false,"pivot":{"x":-14.973209381103516,"y":-0.7615751028060913,"z":11.89585018157959},"rotation":{"x":0.06629467010498047,"y":0.9200950860977173,"z":-0.3640482425689697,"w":0.12844865024089814},"size":31.183311462402345,"orthographic":false}