{"cameraMode":{"drawMode":0,"name":"Shaded","section":"Shading Mode"},"sceneLighting":false,"audioPlay":false,"sceneViewState":{"showFog":true,"showMaterialUpdate":true,"showSkybox":false,"showFlares":true,"showImageEffects":true,"showParticleSystems":true},"in2DMode":false,"pivot":{"x":-29.0087947845459,"y":1.0742769241333008,"z":35.32844543457031},"rotation":{"x":-0.1039624959230423,"y":0.866086483001709,"z":-0.42189735174179079,"w":-0.24716132879257203},"size":17.31009292602539,"orthographic":false}