{"cameraMode":{"drawMode":0,"name":"Shaded","section":"Shading Mode"},"sceneLighting":true,"audioPlay":false,"sceneViewState":{"showFog":true,"showMaterialUpdate":true,"showSkybox":true,"showFlares":true,"showImageEffects":true,"showParticleSystems":true},"in2DMode":false,"pivot":{"x":-1747.296630859375,"y":-1837.557373046875,"z":-2098.89404296875},"rotation":{"x":0.09702608734369278,"y":-0.900743305683136,"z":0.2744726538658142,"w":0.32235443592071535},"size":3449.919677734375,"orthographic":false}