{"cameraMode":{"drawMode":0,"name":"Shaded","section":"Shading Mode"},"sceneLighting":false,"audioPlay":false,"sceneViewState":{"showFog":true,"showMaterialUpdate":true,"showSkybox":false,"showFlares":true,"showImageEffects":true,"showParticleSystems":true},"in2DMode":false,"pivot":{"x":17.284297943115236,"y":-16.905057907104493,"z":-44.287841796875},"rotation":{"x":-0.02867123670876026,"y":-0.9697393178939819,"z":0.14092378318309785,"w":-0.19729214906692506},"size":137.78622436523438,"orthographic":false}