{"cameraMode":{"drawMode":0,"name":"Shaded","section":"Shading Mode"},"sceneLighting":false,"audioPlay":false,"sceneViewState":{"showFog":true,"showMaterialUpdate":true,"showSkybox":false,"showFlares":true,"showImageEffects":true,"showParticleSystems":true},"in2DMode":false,"pivot":{"x":1.3309307098388672,"y":-7.0615034103393559,"z":-18.125028610229493},"rotation":{"x":-0.025989411398768426,"y":-0.9739565849304199,"z":0.16400475800037385,"w":-0.15438790619373322},"size":22.0,"orthographic":false}