{"cameraMode":{"drawMode":0,"name":"Shaded","section":"Shading Mode"},"sceneLighting":false,"audioPlay":false,"sceneViewState":{"showFog":true,"showMaterialUpdate":true,"showSkybox":false,"showFlares":true,"showImageEffects":true,"showParticleSystems":true},"in2DMode":false,"pivot":{"x":13.36685562133789,"y":2.764652967453003,"z":-0.315000057220459},"rotation":{"x":-0.40010014176368716,"y":0.12493716925382614,"z":-0.05518421158194542,"w":-0.9062368869781494},"size":14.569147109985352,"orthographic":false}