{"cameraMode":{"drawMode":0,"name":"Shaded","section":"Shading Mode"},"sceneLighting":false,"audioPlay":false,"sceneViewState":{"showFog":true,"showMaterialUpdate":true,"showSkybox":false,"showFlares":true,"showImageEffects":true,"showParticleSystems":true},"in2DMode":false,"pivot":{"x":-32.90614318847656,"y":1.201850414276123,"z":7.900023937225342},"rotation":{"x":0.10841372609138489,"y":-0.8275558352470398,"z":0.2030220776796341,"w":0.512035071849823},"size":16.09320640563965,"orthographic":false}