{"cameraMode":{"drawMode":0,"name":"Shaded","section":"Shading Mode"},"sceneLighting":false,"audioPlay":false,"sceneViewState":{"showFog":true,"showMaterialUpdate":true,"showSkybox":false,"showFlares":true,"showImageEffects":true,"showParticleSystems":true},"in2DMode":false,"pivot":{"x":-1.0016093254089356,"y":-0.8408961296081543,"z":1.9234435558319092},"rotation":{"x":0.2644461691379547,"y":-0.3157086670398712,"z":0.0920800268650055,"w":0.9065967202186585},"size":6.291628360748291,"orthographic":false}