{"cameraMode":{"drawMode":0,"name":"Shaded","section":"Shading Mode"},"sceneLighting":false,"audioPlay":false,"sceneViewState":{"showFog":true,"showMaterialUpdate":true,"showSkybox":false,"showFlares":true,"showImageEffects":true,"showParticleSystems":true},"in2DMode":false,"pivot":{"x":-12.266209602355957,"y":30.02433204650879,"z":-87.82919311523438},"rotation":{"x":0.05654570832848549,"y":0.9202989339828491,"z":-0.3603583574295044,"w":0.14140135049819947},"size":0.6300281286239624,"orthographic":false}