{"cameraMode":{"drawMode":0,"name":"Shaded","section":"Shading Mode"},"sceneLighting":false,"audioPlay":false,"sceneViewState":{"showFog":true,"showMaterialUpdate":true,"showSkybox":false,"showFlares":true,"showImageEffects":true,"showParticleSystems":true},"in2DMode":false,"pivot":{"x":-30.079816818237306,"y":0.04924958199262619,"z":-42.107337951660159},"rotation":{"x":0.3083333373069763,"y":-0.4044879674911499,"z":0.14701126515865327,"w":0.8483559489250183},"size":6.887409210205078,"orthographic":false}