{"cameraMode":{"drawMode":0,"name":"Shaded","section":"Shading Mode"},"sceneLighting":false,"audioPlay":false,"sceneViewState":{"showFog":true,"showMaterialUpdate":true,"showSkybox":false,"showFlares":true,"showImageEffects":true,"showParticleSystems":true},"in2DMode":false,"pivot":{"x":-0.2913004755973816,"y":30.609237670898439,"z":-100.43643188476563},"rotation":{"x":0.4302433133125305,"y":0.26991575956344607,"z":-0.13653863966464997,"w":0.8505253791809082},"size":0.378018856048584,"orthographic":false}