{"cameraMode":{"drawMode":0,"name":"Shaded","section":"Shading Mode"},"sceneLighting":false,"audioPlay":false,"sceneViewState":{"showFog":true,"showMaterialUpdate":true,"showSkybox":false,"showFlares":true,"showImageEffects":true,"showParticleSystems":true},"in2DMode":false,"pivot":{"x":-4.134432792663574,"y":2.844783067703247,"z":1.0425987243652344},"rotation":{"x":0.0875760093331337,"y":0.8781773447990418,"z":-0.43592163920402529,"w":0.1763724684715271},"size":16.263233184814454,"orthographic":false}