{"cameraMode":{"drawMode":0,"name":"Shaded","section":"Shading Mode"},"sceneLighting":false,"audioPlay":false,"sceneViewState":{"showFog":true,"showMaterialUpdate":true,"showSkybox":false,"showFlares":true,"showImageEffects":true,"showParticleSystems":true},"in2DMode":false,"pivot":{"x":30.41314125061035,"y":-4.0719990730285648,"z":3.7694549560546877},"rotation":{"x":0.26765576004981997,"y":0.5993266105651856,"z":-0.22252997756004334,"w":0.7208665013313294},"size":16.21979522705078,"orthographic":false}