{"cameraMode":{"drawMode":0,"name":"Shaded","section":"Shading Mode"},"sceneLighting":false,"audioPlay":false,"sceneViewState":{"showFog":true,"showMaterialUpdate":true,"showSkybox":false,"showFlares":true,"showImageEffects":true,"showParticleSystems":true},"in2DMode":false,"pivot":{"x":-0.021826058626174928,"y":-0.12018571048974991,"z":0.20031823217868806},"rotation":{"x":0.16199477016925813,"y":-0.5289444923400879,"z":0.10527068376541138,"w":0.8263737559318543},"size":0.6408461332321167,"orthographic":false}