{"cameraMode":{"drawMode":0,"name":"Shaded","section":"Shading Mode"},"sceneLighting":false,"audioPlay":false,"sceneViewState":{"showFog":true,"showMaterialUpdate":true,"showSkybox":false,"showFlares":true,"showImageEffects":true,"showParticleSystems":true},"in2DMode":false,"pivot":{"x":0.6107759475708008,"y":-0.23300659656524659,"z":-3.221938133239746},"rotation":{"x":-0.1613215059041977,"y":0.08279760181903839,"z":-0.013583032414317131,"w":-0.9833288192749023},"size":16.459028244018556,"orthographic":false}