{"cameraMode":{"drawMode":0,"name":"Shaded","section":"Shading Mode"},"sceneLighting":false,"audioPlay":false,"sceneViewState":{"showFog":true,"showMaterialUpdate":true,"showSkybox":false,"showFlares":true,"showImageEffects":true,"showParticleSystems":true},"in2DMode":false,"pivot":{"x":-4.5995683670043949,"y":-0.08752761036157608,"z":-0.70658940076828},"rotation":{"x":0.12284166365861893,"y":-0.7671851515769959,"z":0.15441234409809113,"w":0.6103227138519287},"size":6.648553848266602,"orthographic":false}