{"cameraMode":{"drawMode":0,"name":"Shaded","section":"Shading Mode"},"sceneLighting":false,"audioPlay":false,"sceneViewState":{"showFog":true,"showMaterialUpdate":true,"showSkybox":false,"showFlares":true,"showImageEffects":true,"showParticleSystems":true},"in2DMode":false,"pivot":{"x":-0.9000000357627869,"y":0.009999999776482582,"z":21.09000015258789},"rotation":{"x":0.08389653265476227,"y":-0.8526338338851929,"z":0.48437970876693728,"w":0.17706844210624696},"size":4.49767541885376,"orthographic":false}