{"cameraMode":{"drawMode":0,"name":"Shaded","section":"Shading Mode"},"sceneLighting":false,"audioPlay":false,"sceneViewState":{"showFog":true,"showMaterialUpdate":true,"showSkybox":false,"showFlares":true,"showImageEffects":true,"showParticleSystems":true},"in2DMode":false,"pivot":{"x":48.09758758544922,"y":24.728654861450197,"z":-21.290170669555665},"rotation":{"x":0.4317411184310913,"y":-0.44313758611679079,"z":0.25946080684661868,"w":0.7415584325790405},"size":31.98770523071289,"orthographic":false}