{"cameraMode":{"drawMode":0,"name":"Shaded","section":"Shading Mode"},"sceneLighting":false,"audioPlay":false,"sceneViewState":{"showFog":true,"showMaterialUpdate":true,"showSkybox":false,"showFlares":true,"showImageEffects":true,"showParticleSystems":true},"in2DMode":false,"pivot":{"x":-1.0668895244598389,"y":-1.451051115989685,"z":5.973704814910889},"rotation":{"x":0.26125121116638186,"y":0.0028857451397925617,"z":-0.0007904455414973199,"w":0.965266227722168},"size":11.680445671081543,"orthographic":false}