{"cameraMode":{"drawMode":0,"name":"Shaded","section":"Shading Mode"},"sceneLighting":false,"audioPlay":false,"sceneViewState":{"showFog":true,"showMaterialUpdate":true,"showSkybox":false,"showFlares":true,"showImageEffects":true,"showParticleSystems":true},"in2DMode":false,"pivot":{"x":3.9623255729675295,"y":29.200862884521486,"z":-73.35547637939453},"rotation":{"x":-0.39012154936790469,"y":-0.39437970519065859,"z":0.18993285298347474,"w":-0.8100588917732239},"size":2.9190313816070558,"orthographic":false}