{"cameraMode":{"drawMode":0,"name":"Shaded","section":"Shading Mode"},"sceneLighting":false,"audioPlay":false,"sceneViewState":{"showFog":true,"showMaterialUpdate":true,"showSkybox":false,"showFlares":true,"showImageEffects":true,"showParticleSystems":true},"in2DMode":false,"pivot":{"x":-2.42008900642395,"y":0.7189157605171204,"z":-68.84629821777344},"rotation":{"x":-0.12763293087482453,"y":-0.8504621982574463,"z":0.24143573641777039,"w":-0.4495916962623596},"size":14.107678413391114,"orthographic":false}