{"cameraMode":{"drawMode":0,"name":"Shaded","section":"Shading Mode"},"sceneLighting":false,"audioPlay":false,"sceneViewState":{"m_AlwaysRefresh":false,"showFog":true,"showSkybox":false,"showFlares":true,"showImageEffects":true,"showParticleSystems":true,"showVisualEffectGraphs":true,"m_FxEnabled":true},"in2DMode":false,"pivot":{"x":0.7684282660484314,"y":1.1338787078857422,"z":-1.1100610494613648},"rotation":{"x":-0.15637394785881043,"y":0.37384235858917239,"z":-0.06409616023302078,"w":-0.9120243787765503},"size":0.8660253882408142,"orthographic":false}